value,count,share
Desktop,4,0.4444444444444444
Mobile,4,0.4444444444444444
Tablet,1,0.1111111111111111
