value,count,share
Organic,4,0.4444444444444444
Ads,2,0.2222222222222222
Referral,2,0.2222222222222222
Email,1,0.1111111111111111
