value,count,share
Moscow,3,0.42857142857142855
Saint Petersburg,1,0.14285714285714285
Almaty,1,0.14285714285714285
Minsk,1,0.14285714285714285
Novosibirsk,1,0.14285714285714285
