value,count,share
Pro,3,0.3333333333333333
Free,3,0.3333333333333333
Basic,3,0.3333333333333333
