value,count,share
RU,5,0.5555555555555556
KZ,2,0.2222222222222222
BY,1,0.1111111111111111
UA,1,0.1111111111111111
